{
	"ETH": 179.15,
	"WETH": 179.15,
	"DAI": 1.003,
	"USDC": 1,
	"KNC": 0.1869,
	"SNX": 0.4501,
	"WBTC": 8349.3519,
	"MKR": 449.2522,
	"ZRX": 0.2096,
	"MANA": 0.0275,
	"REP": 8.4842,
	"BAT": 0.1715,
	"LINK": 1.8179,
	"OMG": 0.8262,
	"AOA": 0.007,
	"AMB": 0.0179,
	"ERC20": 0.027,
	"sUSD": 0.999,
	"sEUR": 1.09136,
	"sGBP": 1.22354,
	"sETH": 181.1215,
	"sBTC": 8384.41519
}
